{"mae": 8.170143081407305, "r2_score": 0.7840891447879988, "_timestamp": 1659652611.1526728, "_runtime": 72.10132265090942, "_step": 0, "_wandb": {"runtime": 71}}