{"f1_score": 1.0, "_timestamp": 1662574471.7771761, "_runtime": 8.843273162841797, "_step": 0, "_wandb": {"runtime": 7}}