{"mae": 10.49039825606293, "r2_score": 0.7435843705241949, "_timestamp": 1659653038.6462686, "_runtime": 26.588186502456665, "_step": 0, "_wandb": {"runtime": 25}}