{"mae": 8.76827149450157, "r2_score": 0.7634726844332215, "_timestamp": 1659653221.7350917, "_runtime": 87.29363059997559, "_step": 0, "_wandb": {"runtime": 86}}