{"mae": 8.177926941479516, "r2_score": 0.784244764981107, "_timestamp": 1659653120.9582155, "_runtime": 28.594799518585205, "_step": 0, "_wandb": {"runtime": 27}}