{"EU": {"Amsterdam": [52.37, 4.89], "Athina": [37.98, 23.73], "Berlin": [52.52, 13.39], "Gdansk": [54.37, 18.61], "Krak\u00f3w": [50.06, 19.94], "London": [51.51, -0.13], "Madrid": [40.42, -3.7], "Marseille": [43.3, 5.37], "Milano": [45.46, 9.19], "M\u00fcnchen": [48.14, 11.58], "Napoli": [40.84, 14.25], "Paris": [48.85, 2.35], "Sevilla": [37.39, -6.0], "Stockholm": [59.33, 18.07], "Tallinn": [59.44, 24.75], "Varna": [43.21, 27.92], "Wien": [48.21, 16.37]}, "US": {"Albuquerque": [35.08, -106.65], "Atlanta": [33.75, -84.39], "Chicago": [41.88, -87.62], "Columbus": [39.96, -83.0], "Dallas": [32.78, -96.8], "Denver": [39.74, -104.98], "Houston": [29.76, -95.37], "Los Angeles": [34.05, -118.24], "New York": [40.71, -74.01], "Phoenix-Mesa": [33.66, -112.04], "Salt Lake City": [40.76, -111.89], "San Francisco": [37.78, -122.42], "Tampa": [27.95, -82.46]}, "Seattle": {"Bellevue-SE 12th St": [47.60086, -122.1484], "DARRINGTON - FIR ST (Darrington High School)": [48.2469, -121.6031], "KENT - JAMES & CENTRAL": [47.38611, -122.23028], "LAKE FOREST PARK TOWNE CENTER": [47.755, -122.2806], "MARYSVILLE - 7TH AVE (Marysville Junior High)": [48.05432, -122.17153], "NORTH BEND - NORTH BEND WAY": [47.49022, -121.77278], "SEATTLE - BEACON HILL": [47.56824, -122.30863], "SEATTLE - DUWAMISH": [47.55975, -122.33827], "SEATTLE - SOUTH PARK #2": [47.53091, -122.3208], "Seattle-10th & Weller": [47.59722, -122.31972], "TACOMA - ALEXANDER AVE": [47.2656, -122.3858], "TACOMA - L STREET": [47.1864, -122.4517], "Tacoma-S 36th St": [47.22634, -122.46256], "Tukwila Allentown": [47.49854, -122.27839], "Tulalip-Totem Beach Rd": [48.06534, -122.28519]}}