{"mae": 8.760597401428077, "r2_score": 0.7634498551597431, "_timestamp": 1659652526.2956119, "_runtime": 24.075653791427612, "_step": 0, "_wandb": {"runtime": 23}}