{"mae": 10.47650012910012, "r2_score": 0.7437533804966221, "_timestamp": 1659653273.6404386, "_runtime": 39.31990146636963, "_step": 0, "_wandb": {"runtime": 38}}