{"mae": 8.773567477799524, "r2_score": 0.7634085234106718, "_timestamp": 1659652489.3339088, "_runtime": 39.66543173789978, "_step": 0, "_wandb": {"runtime": 38}}