{"mae": 8.179366069870126, "r2_score": 0.78395811869555, "_timestamp": 1659653078.507184, "_runtime": 28.102975130081177, "_step": 0, "_wandb": {"runtime": 27}}